model,mae,rmse,bias,mase,scenario
GRU,1.7479563174332111,2.2393311705030214,-0.10535705606823074,0.3479927799503201,Максимум качественной истории
RandomForest,1.81144130554107,2.3082630545311673,-0.1389224525723872,0.3606317213680372,Максимум качественной истории
Naive (t-1),1.8693378995433791,2.4533110217741654,0.016940639269406393,0.37215809447906795,Максимум качественной истории
Dense-сеть,1.9188960795260999,2.513671659802589,-0.4088688318533437,0.3820244101583923,Максимум качественной истории
Conv1D,3.518299732317119,4.349364280661082,-0.8710775887802854,0.700442506678536,Максимум качественной истории
Seasonal AutoReg,4.010262344742615,4.884880175737998,-0.38199433565309393,0.7983851356916959,Максимум качественной истории
Seasonal naive (t-365),4.177146118721461,5.502796412731399,-0.3544292237442923,0.8316092774258433,Максимум качественной истории
