model,mae,rmse,bias,mase,scenario
GRU,1.8218341394851767,2.3878011266561736,-0.14900540372930116,0.36039005164175725,Максимум качественной истории
Dense-сеть,1.8489269816484608,2.5288212850852414,-0.02153186145593085,0.3657494806779851,Максимум качественной истории
RandomForest,1.8672995101428116,2.504878658540137,-0.13470785773679791,0.36938388204821065,Максимум качественной истории
Naive (t-1),2.018897996357013,2.6786824788325267,0.0140255009107468,0.39937266373334646,Максимум качественной истории
Conv1D,3.1736020600372328,4.0291266512255195,0.27055800787846723,0.6277929398284346,Максимум качественной истории
Seasonal AutoReg,4.182024168543871,5.182618496874514,0.13167116018380418,0.8272761352987399,Максимум качественной истории
Seasonal naive (t-365),4.579587887067396,5.450146379869689,-0.01228369763205822,0.9059210601820065,Максимум качественной истории
