model,mae,rmse,bias,mase,rows
fold_1,2.0928897114323664,2.7820817412024024,0.051071020953927425,0.3383463995679403,791
fold_2,2.090181684212267,2.7080505580740644,-0.09529878933236659,0.3894823310025497,791
fold_3,1.9883801221467918,2.596580880063094,-0.03836344949018642,0.3785187139313889,791
fold_4,1.903595040714625,2.512803736248463,-0.14943935879817632,0.36787750195382873,791
fold_5,2.0014709430901614,2.62224553012103,-0.20302364863163724,0.39253248302808197,791
