year,rows,days_in_year,share_of_full_year
2010,335,365,0.9178082191780822
2011,365,365,1.0
2012,366,366,1.0
2013,365,365,1.0
2014,364,365,0.9972602739726028
2015,365,365,1.0
2016,366,366,1.0
2017,365,365,1.0
2018,365,365,1.0
2019,365,365,1.0
2020,366,366,1.0
2021,365,365,1.0
2022,365,365,1.0
2023,365,365,1.0
2024,366,366,1.0
2025,365,365,1.0
